date,usd_idr,usd_return,source
2021-09-01,14284.0,,Bank Indonesia
2021-09-02,14281.0,-0.00021004726140592847,Bank Indonesia
2021-09-03,14261.0,-0.0014014437161661679,Bank Indonesia
2021-09-06,14239.0,-0.0015438599557723231,Bank Indonesia
2021-09-07,14195.0,-0.0030948888739230737,Bank Indonesia
2021-09-08,14266.0,0.004989293930911906,Bank Indonesia
2021-09-09,14272.0,0.00042049198180725686,Bank Indonesia
2021-09-10,14225.0,-0.003298595825258965,Bank Indonesia
2021-09-13,14260.0,0.00245743497375522,Bank Indonesia
2021-09-14,14257.0,-0.00021040081432593843,Bank Indonesia
2021-09-15,14252.0,-0.00035076642823427684,Bank Indonesia
2021-09-16,14238.0,-0.0009828010619080888,Bank Indonesia
2021-09-17,14233.0,-0.00035123459319324926,Bank Indonesia
2021-09-20,14251.0,0.0012638676025869577,Bank Indonesia
2021-09-21,14244.0,-0.000491314275543871,Bank Indonesia
2021-09-22,14249.0,0.0003509633981204076,Bank Indonesia
2021-09-23,14256.0,0.0004911419148017321,Bank Indonesia
2021-09-24,14250.0,-0.00042096401379397466,Bank Indonesia
2021-09-27,14258.0,0.0005612459807772427,Bank Indonesia
2021-09-28,14269.0,0.0007711992530014285,Bank Indonesia
2021-09-29,14307.0,0.002659576035758796,Bank Indonesia
2021-09-30,14321.0,0.0009780635123685373,Bank Indonesia
2021-10-01,14315.0,-0.00041905294648715,Bank Indonesia
2021-10-04,14276.0,-0.002728132922164461,Bank Indonesia
2021-10-05,14260.0,-0.001121390641764047,Bank Indonesia
2021-10-06,14245.0,-0.0010524470362782274,Bank Indonesia
2021-10-07,14238.0,-0.0004915212681901174,Bank Indonesia
2021-10-08,14225.0,-0.0009134666692869377,Bank Indonesia
2021-10-11,14210.0,-0.0010550379033853635,Bank Indonesia
2021-10-12,14217.0,0.00049248954455159,Bank Indonesia
2021-10-13,14221.0,0.00028131373699838387,Bank Indonesia
2021-10-14,14155.0,-0.004651826826696295,Bank Indonesia
2021-10-15,14084.0,-0.005028517271056866,Bank Indonesia
2021-10-18,14096.0,0.0008516679010175157,Bank Indonesia
2021-10-19,14080.0,-0.0011357184639273798,Bank Indonesia
2021-10-21,14133.0,0.0037571376561173144,Bank Indonesia
2021-10-22,14162.0,0.002049832843568452,Bank Indonesia
2021-10-25,14183.0,0.0014817430828883615,Bank Indonesia
2021-10-26,14165.0,-0.0012699310299906367,Bank Indonesia
2021-10-27,14184.0,0.001340435489426813,Bank Indonesia
2021-10-28,14199.0,0.0010569708203138105,Bank Indonesia
2021-10-29,14171.0,-0.0019739167494872414,Bank Indonesia
2021-11-01,14235.0,0.0045060978872675786,Bank Indonesia
2021-11-02,14261.0,0.0018248180246291173,Bank Indonesia
2021-11-03,14301.0,0.0028009261361683253,Bank Indonesia
2021-11-04,14327.0,0.0018164040204368761,Bank Indonesia
2021-11-05,14374.0,0.0032751501350157587,Bank Indonesia
2021-11-08,14268.0,-0.007401751549605742,Bank Indonesia
2021-11-09,14233.0,-0.0024560554081568486,Bank Indonesia
2021-11-10,14253.0,0.0014041987844057627,Bank Indonesia
2021-11-11,14288.0,0.002452613261249291,Bank Indonesia
2021-11-12,14243.0,-0.003154466181694088,Bank Indonesia
2021-11-15,14206.0,-0.0026011473768308723,Bank Indonesia
2021-11-16,14211.0,0.0003519020341062895,Bank Indonesia
2021-11-17,14259.0,0.003371973690257621,Bank Indonesia
2021-11-18,14231.0,-0.0019656025984591784,Bank Indonesia
2021-11-19,14237.0,0.00042152593008595315,Bank Indonesia
2021-11-22,14255.0,0.0012635127330265854,Bank Indonesia
2021-11-23,14272.0,0.0011918534730182282,Bank Indonesia
2021-11-24,14272.0,0.0,Bank Indonesia
2021-11-25,14280.0,0.0005603810737846829,Bank Indonesia
2021-11-26,14280.0,0.0,Bank Indonesia
2021-11-29,14340.0,0.004192878260035958,Bank Indonesia
2021-11-30,14320.0,-0.0013956736389746914,Bank Indonesia
2021-12-01,14353.0,0.002301818056743754,Bank Indonesia
2021-12-02,14378.0,0.0017402809724365456,Bank Indonesia
2021-12-03,14408.0,0.0020843473119750732,Bank Indonesia
2021-12-06,14441.0,0.0022877752707732304,Bank Indonesia
2021-12-07,14408.0,-0.0022877752707731454,Bank Indonesia
2021-12-08,14348.0,-0.004173048203618808,Bank Indonesia
2021-12-09,14351.0,0.0002090665187586408,Bank Indonesia
2021-12-10,14378.0,0.0018796343728850722,Bank Indonesia
2021-12-13,14346.0,-0.00222810285743707,Bank Indonesia
2021-12-14,14348.0,0.00013940196579338425,Bank Indonesia
2021-12-15,14337.0,-0.0007669514059053393,Bank Indonesia
2021-12-16,14343.0,0.00041841004794508266,Bank Indonesia
2021-12-17,14343.0,0.0,Bank Indonesia
2021-12-20,14384.0,0.002854459417188542,Bank Indonesia
2021-12-21,14349.0,-0.0024362243629949586,Bank Indonesia
2021-12-22,14264.0,-0.005941372805430285,Bank Indonesia
2021-12-23,14251.0,-0.000911800869764144,Bank Indonesia
2021-12-24,14219.0,-0.002247981276837709,Bank Indonesia
2021-12-27,14225.0,0.0004218815981571963,Bank Indonesia
2021-12-28,14237.0,0.0008432296192141345,Bank Indonesia
2021-12-29,14265.0,0.0019647750338544732,Bank Indonesia
2021-12-30,14269.0,0.0002803672829747273,Bank Indonesia
2021-12-31,14278.0,0.0006305391318306174,Bank Indonesia
2022-01-03,14270.0,-0.0005604595915237604,Bank Indonesia
2022-01-04,14310.0,0.0027991620796145524,Bank Indonesia
2022-01-05,14365.0,0.0038360988628932725,Bank Indonesia
2022-01-06,14396.0,0.0021556977855314518,Bank Indonesia
2022-01-07,14360.0,-0.0025038265967061903,Bank Indonesia
2022-01-10,14323.0,-0.002579926822350117,Bank Indonesia
2022-01-11,14299.0,-0.001677032047017826,Bank Indonesia
2022-01-12,14302.0,0.00020978287549405043,Bank Indonesia
2022-01-13,14311.0,0.0006290847025344544,Bank Indonesia
2022-01-14,14310.0,-6.987876037923628e-05,Bank Indonesia
2022-01-17,14323.0,0.0009080432293686028,Bank Indonesia
2022-01-18,14325.0,0.00013962580307519163,Bank Indonesia
2022-01-19,14370.0,0.0031364374901303115,Bank Indonesia
2022-01-20,14354.0,-0.0011140510830533626,Bank Indonesia
2022-01-21,14347.0,-0.00048778789162727825,Bank Indonesia
2022-01-24,14327.0,-0.001394992205017639,Bank Indonesia
2022-01-25,14358.0,0.002161409243056033,Bank Indonesia
2022-01-26,14346.0,-0.0008361204500485702,Bank Indonesia
2022-01-27,14385.0,0.0027148392992685675,Bank Indonesia
2022-01-28,14381.0,-0.0002781060992686058,Bank Indonesia
2022-01-31,14392.0,0.0007646057439893359,Bank Indonesia
2022-02-02,14347.0,-0.003131635531979051,Bank Indonesia
2022-02-03,14381.0,0.0023670297879896545,Bank Indonesia
2022-02-04,14376.0,-0.0003477414229846502,Bank Indonesia
2022-02-07,14404.0,0.0019457963053708047,Bank Indonesia
2022-02-08,14385.0,-0.0013199487831175188,Bank Indonesia
2022-02-09,14366.0,-0.0013216933509013254,Bank Indonesia
2022-02-10,14344.0,-0.0015325673497781163,Bank Indonesia
2022-02-11,14359.0,0.0010451870094080025,Bank Indonesia
2022-02-14,14338.0,-0.0014635678815593507,Bank Indonesia
2022-02-15,14292.0,-0.003213415269517138,Bank Indonesia
2022-02-16,14278.0,-0.0009800490808945848,Bank Indonesia
2022-02-17,14301.0,0.0016095738105295525,Bank Indonesia
2022-02-18,14339.0,0.0026536328421039065,Bank Indonesia
2022-02-21,14329.0,-0.0006976419984363185,Bank Indonesia
2022-02-22,14362.0,0.0023003739536599068,Bank Indonesia
2022-02-23,14355.0,-0.0004875161150985037,Bank Indonesia
2022-02-24,14371.0,0.0011139735190824403,Bank Indonesia
2022-02-25,14369.0,-0.0001391788450402746,Bank Indonesia
2022-03-01,14350.0,-0.001323166041439431,Bank Indonesia
2022-03-02,14373.0,0.0016015043634645871,Bank Indonesia
2022-03-04,14383.0,0.0006955070526573832,Bank Indonesia
2022-03-07,14411.0,0.0019448502344724553,Bank Indonesia
2022-03-08,14394.0,-0.0011803507706120292,Bank Indonesia
2022-03-09,14371.0,-0.0015991659935027042,Bank Indonesia
2022-03-10,14298.0,-0.005092619747449761,Bank Indonesia
2022-03-11,14306.0,0.0005593623415319996,Bank Indonesia
2022-03-14,14328.0,0.0015366350722185952,Bank Indonesia
2022-03-15,14321.0,-0.0004886732618451946,Bank Indonesia
2022-03-16,14311.0,-0.0006985191678267719,Bank Indonesia
2022-03-17,14290.0,-0.0014684803869627128,Bank Indonesia
2022-03-18,14340.0,0.003492843229698169,Bank Indonesia
2022-03-21,14341.0,6.973257560103864e-05,Bank Indonesia
2022-03-22,14358.0,0.0011847104072160262,Bank Indonesia
2022-03-23,14351.0,-0.00048765196549652493,Bank Indonesia
2022-03-24,14361.0,0.0006965728896869613,Bank Indonesia
2022-03-25,14341.0,-0.0013936313314064253,Bank Indonesia
2022-03-28,14360.0,0.001323995873002916,Bank Indonesia
2022-03-29,14364.0,0.0002785127437582336,Bank Indonesia
2022-03-30,14349.0,-0.001044822997566889,Bank Indonesia
2022-03-31,14357.0,0.0005573747792873658,Bank Indonesia
2022-04-01,14364.0,0.00048744821827951753,Bank Indonesia
2022-04-04,14362.0,-0.00013924667571059022,Bank Indonesia
2022-04-05,14348.0,-0.0009752700180896297,Bank Indonesia
2022-04-06,14364.0,0.0011145166938001574,Bank Indonesia
2022-04-07,14359.0,-0.00034815305159662934,Bank Indonesia
2022-04-08,14365.0,0.00041776911901306304,Bank Indonesia
2022-04-11,14370.0,0.0003480076596807506,Bank Indonesia
2022-04-12,14364.0,-0.00041762372709714903,Bank Indonesia
2022-04-13,14359.0,-0.00034815305159662934,Bank Indonesia
2022-04-14,14349.0,-0.0006966699459703354,Bank Indonesia
2022-04-18,14356.0,0.00048771991909119216,Bank Indonesia
2022-04-19,14347.0,-0.0006271121691079346,Bank Indonesia
2022-04-20,14351.0,0.0002787650725418837,Bank Indonesia
2022-04-21,14348.0,-0.00020906651875860516,Bank Indonesia
2022-04-22,14361.0,0.000905639408445425,Bank Indonesia
2022-04-25,14452.0,0.006316614206912081,Bank Indonesia
2022-04-26,14412.0,-0.002771620399547022,Bank Indonesia
2022-04-27,14418.0,0.000416233096540073,Bank Indonesia
2022-04-28,14480.0,0.004290960975183358,Bank Indonesia
2022-05-09,14534.0,0.003722345236873773,Bank Indonesia
2022-05-10,14546.0,0.0008253095379047395,Bank Indonesia
2022-05-11,14546.0,0.0,Bank Indonesia
2022-05-12,14585.0,0.002677561587335879,Bank Indonesia
2022-05-13,14619.0,0.002328449209794017,Bank Indonesia
2022-05-17,14651.0,0.0021865399896972117,Bank Indonesia
2022-05-18,14682.0,0.002113661169413539,Bank Indonesia
2022-05-19,14731.0,0.003331863144211685,Bank Indonesia
2022-05-20,14661.0,-0.004763209876673801,Bank Indonesia
2022-05-23,14665.0,0.00027279547328679896,Bank Indonesia
2022-05-24,14653.0,-0.0008186097735263212,Bank Indonesia
2022-05-25,14645.0,-0.0005461123761912745,Bank Indonesia
2022-05-27,14578.0,-0.004585437319675569,Bank Indonesia
2022-05-30,14544.0,-0.0023350055248981994,Bank Indonesia
2022-05-31,14592.0,0.0032948958968524846,Bank Indonesia
2022-06-02,14526.0,-0.004533286147999155,Bank Indonesia
2022-06-03,14431.0,-0.006561476730035717,Bank Indonesia
2022-06-06,14462.0,0.0021458492988194453,Bank Indonesia
2022-06-07,14464.0,0.00013828389706046715,Bank Indonesia
2022-06-08,14477.0,0.0008983795220858053,Bank Indonesia
2022-06-09,14555.0,0.005373394025680126,Bank Indonesia
2022-06-10,14569.0,0.0009614064742722144,Bank Indonesia
2022-06-13,14672.0,0.00704493184225011,Bank Indonesia
2022-06-14,14729.0,0.0038774239932969417,Bank Indonesia
2022-06-15,14746.0,0.0011535200600528844,Bank Indonesia
2022-06-16,14741.0,-0.00033913250231766074,Bank Indonesia
2022-06-17,14828.0,0.005884558223344655,Bank Indonesia
2022-06-20,14836.0,0.0005393743388585531,Bank Indonesia
2022-06-21,14804.0,-0.0021592451034348637,Bank Indonesia
2022-06-22,14860.0,0.0037756247657036736,Bank Indonesia
2022-06-23,14835.0,-0.0016837855468279784,Bank Indonesia
2022-06-24,14846.0,0.0007412149525701585,Bank Indonesia
2022-06-27,14802.0,-0.002968161920080536,Bank Indonesia
2022-06-28,14837.0,0.0023617541933818207,Bank Indonesia
2022-06-29,14848.0,0.0007411150751880907,Bank Indonesia
2022-06-30,14882.0,0.0022872529312248074,Bank Indonesia
2022-07-01,14956.0,0.004960128139797819,Bank Indonesia
2022-07-04,14960.0,0.00026741543146380003,Bank Indonesia
2022-07-05,14990.0,0.002003339568175104,Bank Indonesia
2022-07-06,15015.0,0.001666389320787263,Bank Indonesia
2022-07-07,14986.0,-0.0019332694931746416,Bank Indonesia
2022-07-08,14981.0,-0.0003337004068741606,Bank Indonesia
2022-07-11,14969.0,-0.0008013356021461538,Bank Indonesia
2022-07-12,14993.0,0.0016020295796673166,Bank Indonesia
2022-07-13,14985.0,-0.0005337247441395739,Bank Indonesia
2022-07-14,14999.0,0.0009338314445958976,Bank Indonesia
2022-07-15,14999.0,0.0,Bank Indonesia
2022-07-18,14986.0,-0.0008671002711034801,Bank Indonesia
2022-07-19,14992.0,0.0004002935539473127,Bank Indonesia
2022-07-20,14984.0,-0.0005337603542789638,Bank Indonesia
2022-07-21,15017.0,0.002199927556356212,Bank Indonesia
2022-07-22,15024.0,0.00046602976776335167,Bank Indonesia
2022-07-25,14992.0,-0.002132196969840711,Bank Indonesia
2022-07-26,14984.0,-0.0005337603542789638,Bank Indonesia
2022-07-27,15020.0,0.0023996811942012222,Bank Indonesia
2022-07-28,14958.0,-0.0041363725665128515,Bank Indonesia
2022-07-29,14860.0,-0.0065732344798627275,Bank Indonesia
2022-08-01,14874.0,0.0009416829914952847,Bank Indonesia
2022-08-02,14888.0,0.0009407970588412273,Bank Indonesia
2022-08-03,14917.0,0.0019459828318438308,Bank Indonesia
2022-08-04,14929.0,0.0008041278996596365,Bank Indonesia
2022-08-05,14904.0,-0.0016759967721657791,Bank Indonesia
2022-08-08,14915.0,0.0007377846674243997,Bank Indonesia
2022-08-09,14862.0,-0.003559798231434327,Bank Indonesia
2022-08-10,14875.0,0.0008743316964160479,Bank Indonesia
2022-08-11,14799.0,-0.005122340511982581,Bank Indonesia
2022-08-12,14688.0,-0.0075287770415761865,Bank Indonesia
2022-08-15,14727.0,0.002651709865890583,Bank Indonesia
2022-08-16,14767.0,0.0027124177476118574,Bank Indonesia
2022-08-18,14822.0,0.003717602037530229,Bank Indonesia
2022-08-19,14858.0,0.002425877200447256,Bank Indonesia
2022-08-22,14882.0,0.0016139882454550886,Bank Indonesia
2022-08-23,14893.0,0.0007388749286610539,Bank Indonesia
2022-08-24,14851.0,-0.002824100854922393,Bank Indonesia
2022-08-25,14827.0,-0.0016173600129190727,Bank Indonesia
2022-08-26,14814.0,-0.0008771634447916219,Bank Indonesia
2022-08-29,14887.0,0.004915669303822712,Bank Indonesia
2022-08-30,14875.0,-0.0008063974632267061,Bank Indonesia
2022-08-31,14853.0,-0.0014800863842977774,Bank Indonesia
2022-09-01,14884.0,0.0020849454369804787,Bank Indonesia
2022-09-02,14900.0,0.0010744024670373247,Bank Indonesia
2022-09-05,14920.0,0.0013413818242013111,Bank Indonesia
2022-09-06,14885.0,-0.002348600307875059,Bank Indonesia
2022-09-07,14927.0,0.002817659183362841,Bank Indonesia
2022-09-08,14905.0,-0.0014749265210678676,Bank Indonesia
2022-09-09,14846.0,-0.003966258434679583,Bank Indonesia
2022-09-12,14839.0,-0.0004716186713658098,Bank Indonesia
2022-09-13,14861.0,0.0014814817524428803,Bank Indonesia
2022-09-14,14923.0,0.004163315172898528,Bank Indonesia
2022-09-15,14899.0,-0.001609550344128802,Bank Indonesia
2022-09-16,14939.0,0.002681146454978199,Bank Indonesia
2022-09-19,14980.0,0.0027407350288932344,Bank Indonesia
2022-09-20,14975.0,-0.0003338340875603778,Bank Indonesia
2022-09-21,15011.0,0.002401121676526057,Bank Indonesia
2022-09-22,15033.0,0.001464518967658246,Bank Indonesia
2022-09-23,15035.0,0.00013303179479500174,Bank Indonesia
2022-09-26,15119.0,0.0055714145575717485,Bank Indonesia
2022-09-27,15155.0,0.002378279511702452,Bank Indonesia
2022-09-28,15243.0,0.005789870769938104,Bank Indonesia
2022-09-29,15247.0,0.0002623811100655158,Bank Indonesia
2022-09-30,15232.0,-0.0009842843407604602,Bank Indonesia
2022-10-03,15293.0,0.003996729316976862,Bank Indonesia
2022-10-04,15276.0,-0.0011122380027164835,Bank Indonesia
2022-10-05,15196.0,-0.005250734037890663,Bank Indonesia
2022-10-06,15197.0,6.580462608899186e-05,Bank Indonesia
2022-10-07,15246.0,0.003219133614613988,Bank Indonesia
2022-10-10,15299.0,0.00347029321915996,Bank Indonesia
2022-10-11,15362.0,0.0041094607912483755,Bank Indonesia
2022-10-12,15373.0,0.0007157963539721117,Bank Indonesia
2022-10-13,15357.0,-0.0010413277869064925,Bank Indonesia
2022-10-14,15390.0,0.0021465517072319913,Bank Indonesia
2022-10-17,15480.0,0.005830920310793144,Bank Indonesia
2022-10-18,15469.0,-0.0007108469070531696,Bank Indonesia
2022-10-19,15491.0,0.0014211888696981252,Bank Indonesia
2022-10-20,15579.0,0.005664643406065603,Bank Indonesia
2022-10-21,15610.0,0.001987880997049153,Bank Indonesia
2022-10-24,15590.0,-0.0012820514576555005,Bank Indonesia
2022-10-25,15616.0,0.0016663466010515375,Bank Indonesia
2022-10-26,15596.0,-0.0012815585503857345,Bank Indonesia
2022-10-27,15573.0,-0.0014758256071492263,Bank Indonesia
2022-10-28,15542.0,-0.00199260872615123,Bank Indonesia
2022-10-31,15596.0,0.0034684343333003507,Bank Indonesia
2022-11-01,15647.0,0.0032647341995692834,Bank Indonesia
2022-11-02,15652.0,0.00031949902824580554,Bank Indonesia
2022-11-03,15681.0,0.0018510840507284894,Bank Indonesia
2022-11-04,15736.0,0.0035012926878635097,Bank Indonesia
2022-11-07,15692.0,-0.002800052739451767,Bank Indonesia
2022-11-08,15684.0,-0.0005099439172208978,Bank Indonesia
2022-11-09,15654.0,-0.0019146090474387919,Bank Indonesia
2022-11-10,15701.0,0.0029979292107382488,Bank Indonesia
2022-11-11,15493.0,-0.01333609557922984,Bank Indonesia
2022-11-14,15499.0,0.00038719670075901345,Bank Indonesia
2022-11-15,15564.0,0.004185049407393495,Bank Indonesia
2022-11-16,15610.0,0.00295117940503354,Bank Indonesia
2022-11-17,15687.0,0.004920609346762503,Bank Indonesia
2022-11-18,15692.0,0.0003186844732029365,Bank Indonesia
2022-11-21,15707.0,0.0009554445135892178,Bank Indonesia
2022-11-22,15716.0,0.0005728288353180006,Bank Indonesia
2022-11-23,15700.0,-0.001018589341950954,Bank Indonesia
2022-11-24,15647.0,-0.0033815070343421643,Bank Indonesia
2022-11-25,15668.0,0.0013412104836647766,Bank Indonesia
2022-11-28,15729.0,0.0038857264549205586,Bank Indonesia
2022-11-29,15737.0,0.0005084853602218589,Bank Indonesia
2022-11-30,15742.0,0.0003176721015309732,Bank Indonesia
2022-12-01,15617.0,-0.007972235214549636,Bank Indonesia
2022-12-02,15429.0,-0.012111209044819887,Bank Indonesia
2022-12-05,15409.0,-0.0012971011611725097,Bank Indonesia
2022-12-06,15576.0,0.010779513770182257,Bank Indonesia
2022-12-07,15619.0,0.0027568538056867635,Bank Indonesia
2022-12-08,15624.0,0.00032007169879244313,Bank Indonesia
2022-12-09,15587.0,-0.0023709600674638263,Bank Indonesia
2022-12-12,15642.0,0.0035223706725056947,Bank Indonesia
2022-12-13,15661.0,0.0012139413048771741,Bank Indonesia
2022-12-14,15619.0,-0.0026854236087114724,Bank Indonesia
2022-12-15,15630.0,0.0007040225577999468,Bank Indonesia
2022-12-16,15617.0,-0.0008320799276764763,Bank Indonesia
2022-12-19,15621.0,0.0002560983431628432,Bank Indonesia
2022-12-20,15608.0,-0.0008325595280616239,Bank Indonesia
2022-12-21,15601.0,-0.00044858855569773786,Bank Indonesia
2022-12-22,15594.0,-0.0004487898777041291,Bank Indonesia
2022-12-23,15605.0,0.0007051508353346337,Bank Indonesia
2022-12-26,15636.0,0.0019845722079655736,Bank Indonesia
2022-12-27,15659.0,0.0014698836325975346,Bank Indonesia
2022-12-28,15703.0,0.00280594533951088,Bank Indonesia
2022-12-29,15731.0,0.001781510937551034,Bank Indonesia
2022-12-30,15592.0,-0.008875325635108088,Bank Indonesia
2023-01-02,15572.0,-0.0012835324570504409,Bank Indonesia
2023-01-03,15590.0,0.0011552533214759205,Bank Indonesia
2023-01-04,15615.0,0.0016023076653567283,Bank Indonesia
2023-01-05,15610.0,-0.0003202562077011829,Bank Indonesia
2023-01-06,15635.0,0.0016002563824639954,Bank Indonesia
2023-01-09,15574.0,-0.003909133755010319,Bank Indonesia
2023-01-10,15589.0,0.0009626801757495656,Bank Indonesia
2023-01-11,15527.0,-0.003985093331511188,Bank Indonesia
2023-01-12,15366.0,-0.01042316755358948,Bank Indonesia
2023-01-13,15177.0,-0.012376152467534414,Bank Indonesia
2023-01-16,15019.0,-0.01046505775446505,Bank Indonesia
2023-01-17,15154.0,0.008948457285737847,Bank Indonesia
2023-01-18,15137.0,-0.0011224457287534587,Bank Indonesia
2023-01-19,15113.0,-0.001586777192444549,Bank Indonesia
2023-01-20,15121.0,0.0005292055425484838,Bank Indonesia
2023-01-24,14930.0,-0.012711894579433062,Bank Indonesia
2023-01-25,14958.0,0.0018736622183767493,Bank Indonesia
2023-01-26,14964.0,0.00040104271642398177,Bank Indonesia
2023-01-27,14978.0,0.000935141341275545,Bank Indonesia
2023-01-30,14979.0,6.676235940662677e-05,Bank Indonesia
2023-01-31,14992.0,0.0008675053094844402,Bank Indonesia
2023-02-01,14991.0,-6.670446588873435e-05,Bank Indonesia
2023-02-02,14868.0,-0.00823876859517197,Bank Indonesia
2023-02-03,14898.0,0.0020157233190787626,Bank Indonesia
2023-02-06,15055.0,0.010483186179612504,Bank Indonesia
2023-02-07,15139.0,0.005564033696044656,Bank Indonesia
2023-02-08,15122.0,-0.0011235584936635423,Bank Indonesia
2023-02-09,15120.0,-0.00013226638469122676,Bank Indonesia
2023-02-10,15140.0,0.0013218772579158475,Bank Indonesia
2023-02-13,15216.0,0.00500725779373175,Bank Indonesia
2023-02-14,15168.0,-0.0031595602903684815,Bank Indonesia
2023-02-15,15194.0,0.0017126675683637787,Bank Indonesia
2023-02-16,15176.0,-0.0011853804483167379,Bank Indonesia
2023-02-17,15199.0,0.0015144035816110335,Bank Indonesia
2023-02-20,15168.0,-0.0020416907016581644,Bank Indonesia
2023-02-21,15179.0,0.000724948132056088,Bank Indonesia
2023-02-22,15218.0,0.0025660441096089404,Bank Indonesia
2023-02-23,15187.0,-0.002039139006198052,Bank Indonesia
2023-02-24,15216.0,0.0019077070549016186,Bank Indonesia
2023-02-27,15274.0,0.003804530663157977,Bank Indonesia
2023-02-28,15240.0,-0.0022284862076921903,Bank Indonesia
2023-03-01,15250.0,0.0006559527949204875,Bank Indonesia
2023-03-02,15273.0,0.0015070605348880685,Bank Indonesia
2023-03-03,15306.0,0.0021583447994207665,Bank Indonesia
2023-03-06,15301.0,-0.00032672264805293255,Bank Indonesia
2023-03-07,15359.0,0.0037834356938148445,Bank Indonesia
2023-03-08,15451.0,0.005972104734789912,Bank Indonesia
2023-03-09,15438.0,-0.0008417236406189877,Bank Indonesia
2023-03-10,15468.0,0.0019413712173885446,Bank Indonesia
2023-03-13,15374.0,-0.006095602818110412,Bank Indonesia
2023-03-14,15380.0,0.00039019315055756554,Bank Indonesia
2023-03-15,15365.0,-0.0009757684950498939,Bank Indonesia
2023-03-16,15418.0,0.003443462454622367,Bank Indonesia
2023-03-17,15364.0,-0.003508547553412071,Bank Indonesia
2023-03-20,15372.0,0.0005205622189390558,Bank Indonesia
2023-03-21,15349.0,-0.0014973473713265207,Bank Indonesia
2023-03-24,15189.0,-0.010478843675389234,Bank Indonesia
2023-03-27,15174.0,-0.0009880447399987255,Bank Indonesia
2023-03-28,15088.0,-0.005683711024781448,Bank Indonesia
2023-03-29,15094.0,0.0003975879715749515,Bank Indonesia
2023-03-30,15062.0,-0.00212229818351674,Bank Indonesia
2023-03-31,14977.0,-0.005659324668901467,Bank Indonesia
2023-04-03,14990.0,0.0008676211042478466,Bank Indonesia
2023-04-04,14913.0,-0.0051499963338611015,Bank Indonesia
2023-04-05,14933.0,0.0013402132944863893,Bank Indonesia
2023-04-06,14943.0,0.0006694336841244692,Bank Indonesia
2023-04-10,14905.0,-0.0025462356292212684,Bank Indonesia
2023-04-11,14888.0,-0.001141207790085128,Bank Indonesia
2023-04-12,14866.0,-0.001478793036847869,Bank Indonesia
2023-04-13,14792.0,-0.00499023221827802,Bank Indonesia
2023-04-14,14666.0,-0.008554604413215962,Bank Indonesia
2023-04-17,14773.0,0.007269300667863371,Bank Indonesia
2023-04-18,14855.0,0.0055353185750998835,Bank Indonesia
2023-04-26,14882.0,0.0018159200604985653,Bank Indonesia
2023-04-27,14751.0,-0.008841551877157497,Bank Indonesia
2023-04-28,14661.0,-0.006119970141784557,Bank Indonesia
2023-05-02,14703.0,0.002860647639392745,Bank Indonesia
2023-05-03,14706.0,0.0002040191785103631,Bank Indonesia
2023-05-04,14632.0,-0.005044662685465929,Bank Indonesia
2023-05-05,14674.0,0.002866309203237839,Bank Indonesia
2023-05-08,14709.0,0.0023823310454033956,Bank Indonesia
2023-05-09,14757.0,0.003257995144106593,Bank Indonesia
2023-05-10,14746.0,-0.0007456869138536453,Bank Indonesia
2023-05-11,14722.0,-0.0016288859309446728,Bank Indonesia
2023-05-12,14752.0,0.002035693177723729,Bank Indonesia
2023-05-15,14812.0,0.004058996237128168,Bank Indonesia
2023-05-16,14810.0,-0.0001350347716588562,Bank Indonesia
2023-05-17,14875.0,0.004379323151986043,Bank Indonesia
2023-05-19,14936.0,0.004092454807728027,Bank Indonesia
2023-05-22,14897.0,-0.0026145558419655977,Bank Indonesia
2023-05-23,14878.0,-0.001276238628306229,Bank Indonesia
2023-05-24,14905.0,0.0018131153608850756,Bank Indonesia
2023-05-25,14952.0,0.003148343023226962,Bank Indonesia
2023-05-26,14959.0,0.00046805523906213526,Bank Indonesia
2023-05-29,14973.0,0.0009354537632579922,Bank Indonesia
2023-05-30,14969.0,-0.00026718322248318107,Bank Indonesia
2023-05-31,15003.0,0.002268785171777582,Bank Indonesia
2023-06-05,14888.0,-0.007694661764926725,Bank Indonesia
2023-06-06,14839.0,-0.0032966693159602522,Bank Indonesia
2023-06-07,14875.0,0.0024231014077041495,Bank Indonesia
2023-06-08,14903.0,0.0018805835349622422,Bank Indonesia
2023-06-09,14853.0,-0.003360669919260056,Bank Indonesia
2023-06-12,14874.0,0.0014128572337128327,Bank Indonesia
2023-06-13,14868.0,-0.00040346984610275166,Bank Indonesia
2023-06-14,14895.0,0.0018143337302398642,Bank Indonesia
2023-06-15,14943.0,0.003217376594010378,Bank Indonesia
2023-06-16,14945.0,0.00013383297664516233,Bank Indonesia
2023-06-19,14994.0,0.0032733253449691085,Bank Indonesia
2023-06-20,15040.0,0.003063197440823456,Bank Indonesia
2023-06-21,14982.0,-0.0038638379960025653,Bank Indonesia
2023-06-22,14918.0,-0.004280942992719688,Bank Indonesia
2023-06-23,14998.0,0.0053483213462260345,Bank Indonesia
2023-06-26,15026.0,0.0018651750677712458,Bank Indonesia
2023-06-27,15000.0,-0.001731832844758771,Bank Indonesia
2023-07-03,15034.0,0.002264101653067047,Bank Indonesia
2023-07-04,15018.0,-0.0010648210775849544,Bank Indonesia
2023-07-05,15013.0,-0.00033298924752425956,Bank Indonesia
2023-07-06,15062.0,0.0032585232489921894,Bank Indonesia
2023-07-07,15136.0,0.0049009966303624145,Bank Indonesia
2023-07-10,15192.0,0.0036929612004622785,Bank Indonesia
2023-07-11,15162.0,-0.001976675875872536,Bank Indonesia
2023-07-12,15084.0,-0.005157718238001508,Bank Indonesia
2023-07-13,14978.0,-0.007052121568935353,Bank Indonesia
2023-07-14,14945.0,-0.002205662091274205,Bank Indonesia
2023-07-17,15007.0,0.004139963177951446,Bank Indonesia
2023-07-18,14994.0,-0.0008666378329822307,Bank Indonesia
2023-07-20,14991.0,-0.00020010005069264774,Bank Indonesia
2023-07-21,15026.0,0.002332012916791139,Bank Indonesia
2023-07-24,15028.0,0.00013309376475357078,Bank Indonesia
2023-07-25,15007.0,-0.001398368797869963,Bank Indonesia
2023-07-26,15032.0,0.0016645031973116483,Bank Indonesia
2023-07-27,15003.0,-0.0019310810062878054,Bank Indonesia
2023-07-28,15083.0,0.005318100681238921,Bank Indonesia
2023-07-31,15092.0,0.0005965203159488625,Bank Indonesia
2023-08-01,15117.0,0.0016551362645068008,Bank Indonesia
2023-08-02,15171.0,0.0035657723993849522,Bank Indonesia
2023-08-03,15198.0,0.0017781294816374938,Bank Indonesia
2023-08-04,15168.0,-0.001975894734927138,Bank Indonesia
2023-08-07,15178.0,0.0006590654690550659,Bank Indonesia
2023-08-08,15229.0,0.003354493887832866,Bank Indonesia
2023-08-09,15206.0,-0.0015114180633089677,Bank Indonesia
2023-08-10,15204.0,-0.00013153567924254026,Bank Indonesia
2023-08-11,15225.0,0.0013802624689584903,Bank Indonesia
2023-08-14,15323.0,0.006416154000078543,Bank Indonesia
2023-08-15,15346.0,0.0014998861594343025,Bank Indonesia
2023-08-16,15308.0,-0.0024792861920176334,Bank Indonesia
2023-08-18,15308.0,0.0,Bank Indonesia
2023-08-21,15329.0,0.0013708916205146028,Bank Indonesia
2023-08-22,15326.0,-0.0001957266357577332,Bank Indonesia
2023-08-23,15319.0,-0.000456844517653492,Bank Indonesia
2023-08-24,15253.0,-0.004317683012762993,Bank Indonesia
2023-08-25,15297.0,0.00288052572333235,Bank Indonesia
2023-08-28,15294.0,-0.00019613611909502894,Bank Indonesia
2023-08-29,15263.0,-0.0020289956890484806,Bank Indonesia
2023-08-30,15239.0,-0.0015736676252612134,Bank Indonesia
2023-08-31,15237.0,-0.00013125082050605833,Bank Indonesia
2023-09-01,15252.0,0.0009839615080995845,Bank Indonesia
2023-09-04,15247.0,-0.0003278796055473489,Bank Indonesia
2023-09-05,15260.0,0.0008522634665409896,Bank Indonesia
2023-09-06,15307.0,0.0030752142532591968,Bank Indonesia
2023-09-07,15334.0,0.0017623450271325525,Bank Indonesia
2023-09-08,15341.0,0.0004563977259337001,Bank Indonesia
2023-09-11,15352.0,0.0007167758427623454,Bank Indonesia
2023-09-12,15344.0,-0.000521240564316364,Bank Indonesia
2023-09-13,15367.0,0.001497834932112922,Bank Indonesia
2023-09-14,15357.0,-0.0006509569296394343,Bank Indonesia
2023-09-15,15367.0,0.000650956929639474,Bank Indonesia
2023-09-18,15373.0,0.00039037085726704583,Bank Indonesia
2023-09-19,15381.0,0.0005202575392107477,Bank Indonesia
2023-09-20,15396.0,0.0009747539518263854,Bank Indonesia
2023-09-21,15397.0,6.494982628213698e-05,Bank Indonesia
2023-09-22,15383.0,-0.000909681674167693,Bank Indonesia
2023-09-25,15399.0,0.0010395686726617013,Bank Indonesia
2023-09-26,15464.0,0.0042121696597539554,Bank Indonesia
2023-09-27,15526.0,0.004001296077458718,Bank Indonesia
2023-09-29,15487.0,-0.0025150756494512357,Bank Indonesia
2023-10-02,15519.0,0.002064117355450365,Bank Indonesia
2023-10-03,15600.0,0.005205834566003739,Bank Indonesia
2023-10-04,15636.0,0.00230503367521705,Bank Indonesia
2023-10-05,15601.0,-0.0022409331655959784,Bank Indonesia
2023-10-06,15628.0,0.0017291624277117738,Bank Indonesia
2023-10-09,15675.0,0.003002909326160141,Bank Indonesia
2023-10-10,15708.0,0.00210305019677889,Bank Indonesia
2023-10-11,15710.0,0.00012731555176658077,Bank Indonesia
2023-10-12,15702.0,-0.0005093594914659935,Bank Indonesia
2023-10-13,15709.0,0.0004457037417389465,Bank Indonesia
2023-10-16,15716.0,0.0004455051784106034,Bank Indonesia
2023-10-17,15718.0,0.0001272507477697701,Bank Indonesia
2023-10-18,15731.0,0.0008267353963844539,Bank Indonesia
2023-10-19,15838.0,0.006778827947852897,Bank Indonesia
2023-10-20,15856.0,0.001135861799411539,Bank Indonesia
2023-10-23,15943.0,0.005471883837596114,Bank Indonesia
2023-10-24,15869.0,-0.004652340844522997,Bank Indonesia
2023-10-25,15871.0,0.00012602394471627297,Bank Indonesia
2023-10-26,15933.0,0.0038988855829503438,Bank Indonesia
2023-10-27,15941.0,0.0005019765431377597,Bank Indonesia
2023-10-30,15916.0,-0.0015695140868273443,Bank Indonesia
2023-10-31,15897.0,-0.0011944803859475115,Bank Indonesia
2023-11-01,15946.0,0.0030776019015689047,Bank Indonesia
2023-11-02,15861.0,-0.005344748158880816,Bank Indonesia
2023-11-03,15771.0,-0.00569045541600216,Bank Indonesia
2023-11-06,15550.0,-0.014112171880177578,Bank Indonesia
2023-11-07,15593.0,0.0027614569775051743,Bank Indonesia
2023-11-08,15629.0,0.0023060672573082066,Bank Indonesia
2023-11-09,15649.0,0.0012788543209783657,Bank Indonesia
2023-11-10,15693.0,0.002807735875548718,Bank Indonesia
2023-11-13,15713.0,0.00127364215141106,Bank Indonesia
2023-11-14,15699.0,-0.0008913791498142606,Bank Indonesia
2023-11-15,15503.0,-0.012563462473955376,Bank Indonesia
2023-11-16,15595.0,0.005916796475541492,Bank Indonesia
2023-11-17,15504.0,-0.005852294911356159,Bank Indonesia
2023-11-20,15419.0,-0.005497539959194831,Bank Indonesia
2023-11-21,15436.0,0.0011019284861567347,Bank Indonesia
2023-11-22,15584.0,0.009542303224807038,Bank Indonesia
2023-11-23,15593.0,0.0005773487025690589,Bank Indonesia
2023-11-24,15587.0,-0.0003848620958344481,Bank Indonesia
2023-11-27,15527.0,-0.003856789507881238,Bank Indonesia
2023-11-28,15450.0,-0.0049714406552782385,Bank Indonesia
2023-11-29,15384.0,-0.004280995057275833,Bank Indonesia
2023-11-30,15484.0,0.006479224428923141,Bank Indonesia
2023-12-01,15524.0,0.00257998079125826,Bank Indonesia
2023-12-04,15446.0,-0.005037143359587771,Bank Indonesia
2023-12-05,15504.0,0.0037479850013383653,Bank Indonesia
2023-12-06,15504.0,0.0,Bank Indonesia
2023-12-07,15536.0,0.002061856400558777,Bank Indonesia
2023-12-08,15500.0,-0.002319887623768201,Bank Indonesia
2023-12-11,15614.0,0.007327923772898189,Bank Indonesia
2023-12-12,15631.0,0.0010881742152349986,Bank Indonesia
2023-12-13,15629.0,-0.00012795905327760043,Bank Indonesia
2023-12-14,15493.0,-0.008739853845901749,Bank Indonesia
2023-12-15,15503.0,0.0006452445700703242,Bank Indonesia
2023-12-18,15516.0,0.0008381959934956404,Bank Indonesia
2023-12-19,15506.0,-0.0006447037809534372,Bank Indonesia
2023-12-20,15512.0,0.00038687214358348995,Bank Indonesia
2023-12-21,15533.0,0.0013528750654195104,Bank Indonesia
2023-12-22,15489.0,-0.00283669844014846,Bank Indonesia
2023-12-27,15414.0,-0.004853907209820268,Bank Indonesia
2023-12-28,15416.0,0.0001297437562638226,Bank Indonesia
2023-12-29,15439.0,0.0014908445477242525,Bank Indonesia
2024-01-02,15473.0,0.0021997938477461075,Bank Indonesia
2024-01-03,15495.0,0.001420821732175905,Bank Indonesia
2024-01-04,15525.0,0.0019342365798309684,Bank Indonesia
2024-01-05,15518.0,-0.00045098734778496735,Bank Indonesia
2024-01-08,15522.0,0.00025773196018961985,Bank Indonesia
2024-01-09,15518.0,-0.00025773196018951235,Bank Indonesia
2024-01-10,15568.0,0.003216884971891625,Bank Indonesia
2024-01-11,15558.0,-0.0006425496590668942,Bank Indonesia
2024-01-12,15559.0,6.427354824328738e-05,Bank Indonesia
2024-01-15,15555.0,-0.00025711898322532,Bank Indonesia
2024-01-16,15592.0,0.0023758318556593105,Bank Indonesia
2024-01-17,15639.0,0.003009832248818878,Bank Indonesia
2024-01-18,15630.0,-0.0005756500206933352,Bank Indonesia
2024-01-19,15628.0,-0.00012796724056111534,Bank Indonesia
2024-01-22,15627.0,-6.39897616600226e-05,Bank Indonesia
2024-01-23,15656.0,0.0018540426626108245,Bank Indonesia
2024-01-24,15719.0,0.004015941652325862,Bank Indonesia
2024-01-25,15767.0,0.003048976509243795,Bank Indonesia
2024-01-26,15829.0,0.003924552448256694,Bank Indonesia
2024-01-29,15825.0,-0.0002527326733613876,Bank Indonesia
2024-01-30,15796.0,-0.00183422460583686,Bank Indonesia
2024-01-31,15803.0,0.0004430520025638121,Bank Indonesia
2024-02-01,15775.0,-0.0017733869996898767,Bank Indonesia
2024-02-02,15688.0,-0.005530319533231667,Bank Indonesia
2024-02-05,15705.0,0.0010830440965646933,Bank Indonesia
2024-02-06,15734.0,0.0018448429164408752,Bank Indonesia
2024-02-07,15685.0,-0.0031191342644092943,Bank Indonesia
2024-02-12,15612.0,-0.004664992324272916,Bank Indonesia
2024-02-13,15585.0,-0.0017309360990681475,Bank Indonesia
2024-02-15,15606.0,0.001346542475269147,Bank Indonesia
2024-02-16,15654.0,0.0030710196880768125,Bank Indonesia
2024-02-19,15630.0,-0.0015343309492610842,Bank Indonesia
2024-02-20,15659.0,0.0018536871299206044,Bank Indonesia
2024-02-21,15658.0,-6.386307758344844e-05,Bank Indonesia
2024-02-22,15630.0,-0.001789824052337159,Bank Indonesia
2024-02-23,15589.0,-0.0026266071028413925,Bank Indonesia
2024-02-26,15635.0,0.00294645357926077,Bank Indonesia
2024-02-27,15655.0,0.0012783638685645133,Bank Indonesia
2024-02-28,15673.0,0.001149131893562169,Bank Indonesia
2024-02-29,15715.0,0.0026761835775998225,Bank Indonesia
2024-03-01,15696.0,-0.0012097674265236402,Bank Indonesia
2024-03-04,15723.0,0.0017187056651316857,Bank Indonesia
2024-03-05,15756.0,0.0020966366205205905,Bank Indonesia
2024-03-06,15723.0,-0.0020966366205205688,Bank Indonesia
2024-03-07,15658.0,-0.004142640002416465,Bank Indonesia
2024-03-08,15603.0,-0.003518765026677345,Bank Indonesia
2024-03-13,15576.0,-0.0017319353891465444,Bank Indonesia
2024-03-14,15582.0,0.00038513383876772895,Bank Indonesia
2024-03-15,15624.0,0.002691791665711353,Bank Indonesia
2024-03-18,15672.0,0.0030674870678618796,Bank Indonesia
2024-03-19,15712.0,0.0025490709698704943,Bank Indonesia
2024-03-20,15727.0,0.0009542288964782148,Bank Indonesia
2024-03-21,15662.0,-0.004141584179842504,Bank Indonesia
2024-03-22,15773.0,0.007062221176591024,Bank Indonesia
2024-03-25,15795.0,0.0013938167487116287,Bank Indonesia
2024-03-26,15797.0,0.00012661433291157308,Bank Indonesia
2024-03-27,15853.0,0.003538708274130549,Bank Indonesia
2024-03-28,15873.0,0.0012607957290137303,Bank Indonesia
2024-04-01,15909.0,0.0022654342329981674,Bank Indonesia
2024-04-02,15934.0,0.0015702041350717576,Bank Indonesia
2024-04-03,15923.0,-0.0006905860838852577,Bank Indonesia
2024-04-04,15907.0,-0.001005340958065593,Bank Indonesia
2024-04-05,15873.0,-0.0021397113261190865,Bank Indonesia
2024-04-16,16176.0,0.01890910968801131,Bank Indonesia
2024-04-17,16240.0,0.00394867245541628,Bank Indonesia
2024-04-18,16177.0,-0.0038868543859749065,Bank Indonesia
2024-04-19,16280.0,0.006346880226837295,Bank Indonesia
2024-04-22,16224.0,-0.003445733165621576,Bank Indonesia
2024-04-23,16244.0,0.0012319824152786769,Bank Indonesia
2024-04-24,16161.0,-0.005122677457544965,Bank Indonesia
2024-04-25,16208.0,0.0029040151398210742,Bank Indonesia
2024-04-26,16222.0,0.0008633981418254249,Bank Indonesia
2024-04-29,16249.0,0.0016630227724863005,Bank Indonesia
2024-04-30,16276.0,0.0016602617188044096,Bank Indonesia
2024-05-02,16202.0,-0.004556938731144073,Bank Indonesia
2024-05-03,16094.0,-0.006688159684358412,Bank Indonesia
2024-05-06,16025.0,-0.004296528917207366,Bank Indonesia
2024-05-07,16054.0,0.001808036902651343,Bank Indonesia
2024-05-08,16081.0,0.0016804111625023867,Bank Indonesia
2024-05-13,16085.0,0.00024870981910212766,Bank Indonesia
2024-05-14,16131.0,0.002855725804661129,Bank Indonesia
2024-05-15,16070.0,-0.0037887067462294504,Bank Indonesia
2024-05-16,15944.0,-0.007871596838927658,Bank Indonesia
2024-05-17,15978.0,0.002130193149356588,Bank Indonesia
2024-05-20,15980.0,0.00012516427827843183,Bank Indonesia
2024-05-21,16024.0,0.0027496580253884924,Bank Indonesia
2024-05-22,15995.0,-0.0018114249620357493,Bank Indonesia
2024-05-27,16064.0,0.004304570107837356,Bank Indonesia
2024-05-28,16095.0,0.0019279212414527516,Bank Indonesia
2024-05-29,16160.0,0.004030388342177809,Bank Indonesia
2024-05-30,16253.0,0.0057384540280896405,Bank Indonesia
2024-05-31,16251.0,-0.00012306177716740142,Bank Indonesia
2024-06-03,16225.0,-0.0016011827537178662,Bank Indonesia
2024-06-04,16220.0,-0.0003082139028868143,Bank Indonesia
2024-06-05,16282.0,0.003815154464519148,Bank Indonesia
2024-06-06,16279.0,-0.00018426952541315036,Bank Indonesia
2024-06-07,16218.0,-0.0037541971040072463,Bank Indonesia
2024-06-10,16290.0,0.004429686091588258,Bank Indonesia
2024-06-11,16295.0,0.0003068896755710468,Bank Indonesia
2024-06-12,16297.0,0.00012272950432676025,Bank Indonesia
2024-06-13,16286.0,-0.0006751987489121198,Bank Indonesia
2024-06-14,16374.0,0.0053888679093169346,Bank Indonesia
2024-06-19,16368.0,-0.00036650174498570223,Bank Indonesia
2024-06-20,16420.0,0.0031718948150114934,Bank Indonesia
2024-06-21,16458.0,0.002311577159239031,Bank Indonesia
2024-06-24,16431.0,-0.0016418867138271879,Bank Indonesia
2024-06-25,16379.0,-0.0031697679694515,Bank Indonesia
2024-06-26,16435.0,0.0034131806159403335,Bank Indonesia
2024-06-27,16421.0,-0.0008522036064823842,Bank Indonesia
2024-06-28,16394.0,-0.0016455892788613932,Bank Indonesia
2024-07-01,16355.0,-0.0023817532404916747,Bank Indonesia
2024-07-02,16384.0,0.0017715878667499485,Bank Indonesia
2024-07-03,16387.0,0.00018308870698973903,Bank Indonesia
2024-07-04,16341.0,-0.002811050494439937,Bank Indonesia
2024-07-05,16312.0,-0.0017762537974930228,Bank Indonesia
2024-07-08,16265.0,-0.0028854733468392734,Bank Indonesia
2024-07-09,16281.0,0.0009832238240626491,Bank Indonesia
2024-07-10,16256.0,-0.0015367123533060706,Bank Indonesia
2024-07-11,16200.0,-0.0034508291577329897,Bank Indonesia
2024-07-12,16154.0,-0.0028435452182337733,Bank Indonesia
2024-07-15,16174.0,0.0012373176535259284,Bank Indonesia
2024-07-16,16203.0,0.0017913956052333822,Bank Indonesia
2024-07-17,16129.0,-0.004577516343818247,Bank Indonesia
2024-07-18,16160.0,0.0019201591579038964,Bank Indonesia
2024-07-19,16199.0,0.0024104588450515867,Bank Indonesia
2024-07-22,16228.0,0.0017886334061998584,Bank Indonesia
2024-07-23,16204.0,-0.0014800200037566756,Bank Indonesia
2024-07-24,16224.0,0.0012335020683285334,Bank Indonesia
2024-07-25,16268.0,0.0027083606362054836,Bank Indonesia
2024-07-26,16294.0,0.001596953843471852,Bank Indonesia
2024-07-29,16286.0,-0.0004910988435104998,Bank Indonesia
2024-07-30,16320.0,0.002085506491021361,Bank Indonesia
2024-07-31,16294.0,-0.0015944076475109129,Bank Indonesia
2024-08-01,16243.0,-0.0031348951511913116,Bank Indonesia
2024-08-02,16234.0,-0.0005542383982747698,Bank Indonesia
2024-08-05,16154.0,-0.004940111318879441,Bank Indonesia
2024-08-06,16183.0,0.001793611514643857,Bank Indonesia
2024-08-07,16100.0,-0.005142036544331075,Bank Indonesia
2024-08-08,15952.0,-0.0092350587709348,Bank Indonesia
2024-08-09,15914.0,-0.0023849882641394757,Bank Indonesia
2024-08-12,15963.0,0.003074319326998896,Bank Indonesia
2024-08-13,15885.0,-0.0048982765608624815,Bank Indonesia
2024-08-14,15691.0,-0.012287968144548335,Bank Indonesia
2024-08-15,15687.0,-0.0002549557028279496,Bank Indonesia
2024-08-16,15716.0,0.0018469578221101874,Bank Indonesia
2024-08-19,15591.0,-0.007985477001798821,Bank Indonesia
2024-08-20,15480.0,-0.007144956532833424,Bank Indonesia
2024-08-21,15456.0,-0.001551590691418833,Bank Indonesia
2024-08-22,15579.0,0.00792657606012933,Bank Indonesia
2024-08-23,15554.0,-0.0016060132575399838,Bank Indonesia
2024-08-26,15380.0,-0.011249876195253696,Bank Indonesia
2024-08-27,15509.0,0.008352536499817965,Bank Indonesia
2024-08-28,15476.0,-0.0021300637390492595,Bank Indonesia
2024-08-29,15409.0,-0.00433868253855021,Bank Indonesia
2024-08-30,15473.0,0.0041448152078192215,Bank Indonesia
2024-09-02,15536.0,0.004063342041433547,Bank Indonesia
2024-09-03,15557.0,0.0013507865560152422,Bank Indonesia
2024-09-04,15490.0,-0.004316043676207217,Bank Indonesia
2024-09-05,15410.0,-0.0051780050967528265,Bank Indonesia
2024-09-06,15372.0,-0.0024689766294268465,Bank Indonesia
2024-09-09,15446.0,0.004802397444474593,Bank Indonesia
2024-09-10,15447.0,6.473958504187663e-05,Bank Indonesia
2024-09-11,15415.0,-0.0020737483940002728,Bank Indonesia
2024-09-12,15421.0,0.0003891555374056737,Bank Indonesia
2024-09-13,15405.0,-0.001038084826888148,Bank Indonesia
2024-09-17,15338.0,-0.004358722705963712,Bank Indonesia
2024-09-18,15350.0,0.0007820646905385841,Bank Indonesia
2024-09-19,15287.0,-0.004112680014309054,Bank Indonesia
2024-09-20,15100.0,-0.012308050198018408,Bank Indonesia
2024-09-23,15191.0,0.006008403404647042,Bank Indonesia
2024-09-24,15186.0,-0.0003291964344835637,Bank Indonesia
2024-09-25,15092.0,-0.00620914868897802,Bank Indonesia
2024-09-26,15171.0,0.0052209086638916975,Bank Indonesia
2024-09-27,15138.0,-0.0021775718789799267,Bank Indonesia
2024-09-30,15144.0,0.0003962750200461179,Bank Indonesia
2024-10-01,15204.0,0.003954137219980694,Bank Indonesia
2024-10-02,15247.0,0.0028242112627676883,Bank Indonesia
2024-10-03,15394.0,0.009595060722355723,Bank Indonesia
2024-10-04,15495.0,0.006539568127585829,Bank Indonesia
2024-10-07,15680.0,0.01186862368255016,Bank Indonesia
2024-10-08,15671.0,-0.0005741443811827803,Bank Indonesia
2024-10-09,15607.0,-0.004092338980662456,Bank Indonesia
2024-10-10,15658.0,0.0032624369253058624,Bank Indonesia
2024-10-11,15609.0,-0.003134297509446242,Bank Indonesia
2024-10-14,15581.0,-0.0017954477410585734,Bank Indonesia
2024-10-15,15555.0,-0.0016700928856171857,Bank Indonesia
2024-10-16,15536.0,-0.0012222188006312527,Bank Indonesia
2024-10-17,15516.0,-0.0012881619712483943,Bank Indonesia
2024-10-18,15466.0,-0.003227683390877023,Bank Indonesia
2024-10-21,15465.0,-6.46600498107744e-05,Bank Indonesia
2024-10-22,15560.0,0.006124112613212525,Bank Indonesia
2024-10-23,15620.0,0.0038486256612944563,Bank Indonesia
2024-10-24,15593.0,-0.001730048808791484,Bank Indonesia
2024-10-25,15629.0,0.0023060672573082066,Bank Indonesia
2024-10-28,15729.0,0.006377979398448932,Bank Indonesia
2024-10-29,15760.0,0.0019689421712277416,Bank Indonesia
2024-10-30,15732.0,-0.001778229860169922,Bank Indonesia
2024-10-31,15705.0,-0.0017177215789531985,Bank Indonesia
2024-11-01,15723.0,0.0011454754975289804,Bank Indonesia
2024-11-04,15751.0,0.0017792468314595353,Bank Indonesia
2024-11-05,15766.0,0.000951867318118107,Bank Indonesia
2024-11-06,15840.0,0.004682663748563265,Bank Indonesia
2024-11-07,15767.0,-0.004619238130935044,Bank Indonesia
2024-11-08,15671.0,-0.006107277714265751,Bank Indonesia
2024-11-11,15677.0,0.00038279954531510093,Bank Indonesia
2024-11-12,15771.0,0.005978140419026661,Bank Indonesia
2024-11-13,15782.0,0.0006972395934225623,Bank Indonesia
2024-11-14,15873.0,0.00574950249126112,Bank Indonesia
2024-11-15,15888.0,0.000944554712712409,Bank Indonesia
2024-11-18,15848.0,-0.002520797906566932,Bank Indonesia
2024-11-19,15816.0,-0.0020212235279340016,Bank Indonesia
2024-11-20,15858.0,0.002652018981891414,Bank Indonesia
2024-11-21,15942.0,0.005283031155524213,Bank Indonesia
2024-11-22,15911.0,-0.0019464420800120346,Bank Indonesia
2024-11-25,15864.0,-0.0029583027082246177,Bank Indonesia
2024-11-26,15930.0,0.0041517327044623435,Bank Indonesia
2024-11-28,15864.0,-0.004151732704462324,Bank Indonesia
2024-11-29,15856.0,-0.000504413629862683,Bank Indonesia
2024-12-02,15905.0,0.003085547613475328,Bank Indonesia
2024-12-03,15950.0,0.0028253040297461975,Bank Indonesia
2024-12-04,15957.0,0.00043877519743671804,Bank Indonesia
2024-12-05,15892.0,-0.004081766475937725,Bank Indonesia
2024-12-06,15848.0,-0.0027725285561027,Bank Indonesia
2024-12-09,15861.0,0.0008199565251731171,Bank Indonesia
2024-12-10,15874.0,0.0008192847472609586,Bank Indonesia
2024-12-11,15905.0,0.001950974532423624,Bank Indonesia
2024-12-12,15939.0,0.0021354109358083895,Bank Indonesia
2024-12-13,15987.0,0.0030069558458389253,Bank Indonesia
2024-12-16,16019.0,0.001999625736591629,Bank Indonesia
2024-12-17,16050.0,0.001933331856678364,Bank Indonesia
2024-12-18,16100.0,0.00311042241439233,Bank Indonesia
2024-12-19,16277.0,0.010933796418943749,Bank Indonesia
2024-12-20,16270.0,-0.0004301471784147289,Bank Indonesia
2024-12-23,16159.0,-0.00684575124083564,Bank Indonesia
2024-12-24,16208.0,0.003027777516216672,Bank Indonesia
2024-12-27,16251.0,0.002649497837543979,Bank Indonesia
2024-12-30,16162.0,-0.005491637532615602,Bank Indonesia
2024-12-31,16157.0,-0.0003094155165624025,Bank Indonesia
2025-01-02,16236.0,0.004877606681957852,Bank Indonesia
2025-01-03,16217.0,-0.001170924239413968,Bank Indonesia
2025-01-06,16193.0,-0.0014810246459035596,Bank Indonesia
2025-01-07,16169.0,-0.0014832213336562262,Bank Indonesia
2025-01-08,16201.0,0.001977139970603567,Bank Indonesia
2025-01-09,16238.0,0.00228120571197361,Bank Indonesia
2025-01-10,16194.0,-0.0027133711763321073,Bank Indonesia
2025-01-13,16281.0,0.005357980485454952,Bank Indonesia
2025-01-14,16265.0,-0.0009832238240626819,Bank Indonesia
2025-01-15,16311.0,0.0028241669065784177,Bank Indonesia
2025-01-16,16378.0,0.004099244016103129,Bank Indonesia
2025-01-17,16373.0,-0.00030533419064122095,Bank Indonesia
2025-01-20,16372.0,-6.10780271986558e-05,Bank Indonesia
2025-01-21,16331.0,-0.002507416535550292,Bank Indonesia
2025-01-22,16327.0,-0.00024496295057885585,Bank Indonesia
2025-01-23,16276.0,-0.0031285490045838324,Bank Indonesia
2025-01-24,16200.0,-0.004680387901105104,Bank Indonesia
2025-01-30,16259.0,0.0036353593750797267,Bank Indonesia
2025-01-31,16312.0,0.003254431658736003,Bank Indonesia
2025-02-03,16453.0,0.008606798132359088,Bank Indonesia
2025-02-04,16365.0,-0.005362923451369244,Bank Indonesia
2025-02-05,16308.0,-0.00348912299613685,Bank Indonesia
2025-02-06,16330.0,0.0013481220253667935,Bank Indonesia
2025-02-07,16325.0,-0.00030623181987893684,Bank Indonesia
2025-02-10,16350.0,0.0015302221807675365,Bank Indonesia
2025-02-11,16380.0,0.0018331810816609117,Bank Indonesia
2025-02-12,16364.0,-0.0009772783577712298,Bank Indonesia
2025-02-13,16365.0,6.110788599178674e-05,Bank Indonesia
2025-02-14,16285.0,-0.00490046922494706,Bank Indonesia
2025-02-17,16208.0,-0.004739491221869199,Bank Indonesia
2025-02-18,16275.0,0.004125240588305432,Bank Indonesia
2025-02-19,16357.0,0.005025752181755548,Bank Indonesia
2025-02-20,16344.0,-0.0007950827610676679,Bank Indonesia
2025-02-21,16300.0,-0.0026957497026042308,Bank Indonesia
2025-02-24,16303.0,0.0001840321448006641,Bank Indonesia
2025-02-25,16316.0,0.0007970814977947373,Bank Indonesia
2025-02-26,16387.0,0.004342116108774968,Bank Indonesia
2025-02-27,16431.0,0.002681456905606996,Bank Indonesia
2025-02-28,16575.0,0.008725741602232282,Bank Indonesia
2025-03-03,16506.0,-0.0041715849014336785,Bank Indonesia
2025-03-04,16443.0,-0.0038240964384033942,Bank Indonesia
2025-03-05,16371.0,-0.004388377859884419,Bank Indonesia
2025-03-06,16315.0,-0.0034265468269206157,Bank Indonesia
2025-03-07,16336.0,0.001286331377025891,Bank Indonesia
2025-03-10,16326.0,-0.000612332393145477,Bank Indonesia
2025-03-11,16430.0,0.006350003020012573,Bank Indonesia
2025-03-12,16453.0,0.001398899355336264,Bank Indonesia
2025-03-13,16428.0,-0.0015206353102009216,Bank Indonesia
2025-03-14,16392.0,-0.0021937851577135507,Bank Indonesia
2025-03-17,16379.0,-0.000793384436356109,Bank Indonesia
2025-03-18,16432.0,0.0032306266859598973,Bank Indonesia
2025-03-19,16528.0,0.0058252591910802455,Bank Indonesia
2025-03-20,16481.0,-0.0028477101252397507,Bank Indonesia
2025-03-21,16501.0,0.0012127828786248798,Bank Indonesia
2025-03-24,16561.0,0.0036295484766859965,Bank Indonesia
2025-03-25,16622.0,0.003676585523480647,Bank Indonesia
2025-03-26,16588.0,-0.002047576746699729,Bank Indonesia
2025-03-27,16566.0,-0.0013271402080624634,Bank Indonesia
2025-04-08,16849.0,0.01693890568017581,Bank Indonesia
2025-04-09,16943.0,0.005563461319720968,Bank Indonesia
2025-04-10,16779.0,-0.009726664668408635,Bank Indonesia
2025-04-11,16805.0,0.001548356669508316,Bank Indonesia
2025-04-14,16773.0,-0.001906010464451038,Bank Indonesia
2025-04-15,16815.0,0.002500894479615035,Bank Indonesia
2025-04-16,16845.0,0.0017825316662833468,Bank Indonesia
2025-04-17,16833.0,-0.0007126314215715973,Bank Indonesia
2025-04-21,16808.0,-0.0014862818942453567,Bank Indonesia
2025-04-22,16862.0,0.003207605957784538,Bank Indonesia
2025-04-23,16880.0,0.0010669196673270544,Bank Indonesia
2025-04-24,16884.0,0.00023693875244117758,Bank Indonesia
2025-04-25,16829.0,-0.003262839189316059,Bank Indonesia
2025-04-28,16862.0,0.0019589807695475753,Bank Indonesia
2025-04-29,16787.0,-0.004457792160207025,Bank Indonesia
2025-04-30,16679.0,-0.006454334245240866,Bank Indonesia
2025-05-02,16493.0,-0.011214394629020902,Bank Indonesia
2025-05-05,16421.0,-0.004375044956314852,Bank Indonesia
2025-05-06,16472.0,0.0031009662157879124,Bank Indonesia
2025-05-07,16533.0,0.0036964138437196236,Bank Indonesia
2025-05-08,16497.0,-0.002179837375420614,Bank Indonesia
2025-05-09,16532.0,0.00211935045569861,Bank Indonesia
2025-05-14,16568.0,0.0021752274437971952,Bank Indonesia
2025-05-15,16535.0,-0.001993777659526924,Bank Indonesia
2025-05-16,16424.0,-0.006735666717123655,Bank Indonesia
2025-05-19,16455.0,0.001885702678670813,Bank Indonesia
2025-05-20,16406.0,-0.002982260814745104,Bank Indonesia
2025-05-21,16413.0,0.00042658216924046783,Bank Indonesia
2025-05-22,16313.0,-0.0061113677956329574,Bank Indonesia
2025-05-23,16289.0,-0.001472302578697572,Bank Indonesia
2025-05-26,16207.0,-0.005046785699485427,Bank Indonesia
2025-05-27,16255.0,0.0029573060798861574,Bank Indonesia
2025-05-28,16300.0,0.0027645540568479797,Bank Indonesia
2025-06-02,16297.0,-0.00018406601886488533,Bank Indonesia
2025-06-03,16288.0,-0.0005524014257395201,Bank Indonesia
2025-06-04,16305.0,0.0010431688731701164,Bank Indonesia
2025-06-05,16277.0,-0.0017187408319212422,Bank Indonesia
2025-06-10,16276.0,-6.14382699176446e-05,Bank Indonesia
2025-06-11,16265.0,-0.0006760702141286925,Bank Indonesia
2025-06-12,16237.0,-0.0017229713203374642,Bank Indonesia
2025-06-13,16293.0,0.0034429791158406375,Bank Indonesia
2025-06-16,16296.0,0.00018411120368684114,Bank Indonesia
2025-06-17,16281.0,-0.000920895175127227,Bank Indonesia
2025-06-18,16319.0,0.002331289399420088,Bank Indonesia
2025-06-19,16378.0,0.00360889769919888,Bank Indonesia
2025-06-20,16399.0,0.0012813865133121582,Bank Indonesia
2025-06-23,16484.0,0.005169856115262405,Bank Indonesia
2025-06-24,16370.0,-0.00693982209352733,Bank Indonesia
2025-06-25,16292.0,-0.004776201596877402,Bank Indonesia
2025-06-26,16233.0,-0.0036279824574581955,Bank Indonesia
2025-06-30,16231.0,-0.00012321340577437143,Bank Indonesia
2025-07-01,16192.0,-0.0024057008178784882,Bank Indonesia
2025-07-02,16236.0,0.0027137058715963258,Bank Indonesia
2025-07-03,16209.0,-0.0016643554466129302,Bank Indonesia
2025-07-04,16204.0,-0.0003085181895942477,Bank Indonesia
2025-07-07,16237.0,0.0020344632645332337,Bank Indonesia
2025-07-08,16238.0,6.158583527733764e-05,Bank Indonesia
2025-07-09,16254.0,0.0009848578907583427,Bank Indonesia
2025-07-10,16220.0,-0.00209398364374624,Bank Indonesia
2025-07-11,16221.0,6.165038071053103e-05,Bank Indonesia
2025-07-14,16247.0,0.0016015772796357465,Bank Indonesia
2025-07-15,16281.0,0.002090507401764081,Bank Indonesia
2025-07-16,16288.0,0.0004298566187348823,Bank Indonesia
2025-07-17,16329.0,0.002514027752060362,Bank Indonesia
2025-07-18,16301.0,-0.0017162124960199616,Bank Indonesia
2025-07-21,16330.0,0.0017774513582210693,Bank Indonesia
2025-07-22,16307.0,-0.0014094435032336043,Bank Indonesia
2025-07-23,16298.0,-0.0005520625811121115,Bank Indonesia
2025-07-24,16283.0,-0.0009207821159448475,Bank Indonesia
2025-07-25,16325.0,0.002576056380411602,Bank Indonesia
2025-07-28,16341.0,0.0009796119071522906,Bank Indonesia
2025-07-29,16399.0,0.003543070291661406,Bank Indonesia
2025-07-30,16387.0,-0.0007320197972215421,Bank Indonesia
2025-07-31,16459.0,0.004384102497844064,Bank Indonesia
2025-08-01,16494.0,0.0021242383492327582,Bank Indonesia
2025-08-04,16388.0,-0.00644731872653897,Bank Indonesia
2025-08-05,16388.0,0.0,Bank Indonesia
2025-08-06,16379.0,-0.0005493331843821636,Bank Indonesia
2025-08-07,16312.0,-0.004098993228088404,Bank Indonesia
2025-08-08,16299.0,-0.0007972770346583203,Bank Indonesia
2025-08-11,16253.0,-0.002826249116456816,Bank Indonesia
2025-08-12,16298.0,0.0027648937769892495,Bank Indonesia
2025-08-13,16237.0,-0.003749812293050722,Bank Indonesia
2025-08-14,16109.0,-0.007914466589148808,Bank Indonesia
2025-08-15,16162.0,0.003284685795427456,Bank Indonesia
2025-08-19,16241.0,0.004876101381209968,Bank Indonesia
2025-08-20,16291.0,0.0030738988915664563,Bank Indonesia
2025-08-21,16283.0,-0.000491189301949098,Bank Indonesia
2025-08-22,16340.0,0.003494470649773557,Bank Indonesia
2025-08-25,16255.0,-0.005215535675988141,Bank Indonesia
2025-08-26,16277.0,0.0013525146534924784,Bank Indonesia
2025-08-27,16355.0,0.004780592580986007,Bank Indonesia
2025-08-28,16356.0,6.114151204863612e-05,Bank Indonesia
2025-08-29,16461.0,0.006399144242552239,Bank Indonesia
2025-09-01,16463.0,0.00012149192093663527,Bank Indonesia
2025-09-02,16418.0,-0.0027371447398103245,Bank Indonesia
2025-09-03,16424.0,0.0003653857905581345,Bank Indonesia
2025-09-04,16438.0,0.0008520480096757367,Bank Indonesia
2025-09-08,16348.0,-0.005490162024277349,Bank Indonesia
2025-09-09,16462.0,0.006949128848421353,Bank Indonesia
2025-09-10,16457.0,-0.0003037759372064362,Bank Indonesia
2025-09-11,16468.0,0.0006681852944124537,Bank Indonesia
2025-09-12,16391.0,-0.004686700200435231,Bank Indonesia
2025-09-15,16405.0,0.0008537627058419235,Bank Indonesia
2025-09-16,16385.0,-0.0012198842622870212,Bank Indonesia
2025-09-17,16430.0,0.0027426498983987523,Bank Indonesia
2025-09-18,16498.0,0.0041302293893632,Bank Indonesia
2025-09-19,16578.0,0.004837353730794571,Bank Indonesia
2025-09-22,16607.0,0.0017477780552814862,Bank Indonesia
2025-09-23,16636.0,0.0017447286560492098,Bank Indonesia
2025-09-24,16680.0,0.002641375049935534,Bank Indonesia
2025-09-25,16752.0,0.00430725719758027,Bank Indonesia
2025-09-26,16775.0,0.0013720287295644238,Bank Indonesia
2025-09-29,16680.0,-0.005679285927144771,Bank Indonesia
2025-09-30,16692.0,0.0007191657987054193,Bank Indonesia
2025-10-01,16680.0,-0.0007191657987054853,Bank Indonesia
2025-10-02,16612.0,-0.004085071162093613,Bank Indonesia
2025-10-03,16611.0,-6.0199259567263256e-05,Bank Indonesia
2025-10-06,16598.0,-0.0007829203326835421,Bank Indonesia
2025-10-07,16560.0,-0.0022920572191426226,Bank Indonesia
2025-10-08,16606.0,0.0027739268827252244,Bank Indonesia
2025-10-09,16534.0,-0.0043452090093550515,Bank Indonesia
2025-10-10,16585.0,0.003079805568531944,Bank Indonesia
2025-10-13,16580.0,-0.0003015226918668473,Bank Indonesia
2025-10-14,16577.0,-0.00018095726441998418,Bank Indonesia
2025-10-15,16577.0,0.0,Bank Indonesia
2025-10-16,16580.0,0.00018095726441985703,Bank Indonesia
2025-10-17,16590.0,0.000602954495204124,Bank Indonesia
2025-10-20,16585.0,-0.00030143180333742475,Bank Indonesia
2025-10-21,16589.0,0.0002411527111222742,Bank Indonesia
2025-10-22,16617.0,0.0016864426089385374,Bank Indonesia
2025-10-23,16645.0,0.001683603307911672,Bank Indonesia
2025-10-24,16630.0,-0.0009015778221519439,Bank Indonesia
2025-10-27,16628.0,-0.0001202718144453092,Bank Indonesia
2025-10-28,16622.0,-0.00036090225955640444,Bank Indonesia
2025-10-29,16631.0,0.0005413045571682957,Bank Indonesia
2025-10-30,16640.0,0.0005410117050596148,Bank Indonesia
2025-10-31,16625.0,-0.0009018488511446799,Bank Indonesia
2025-11-03,16664.0,0.0023431174167529937,Bank Indonesia
2025-11-04,16724.0,0.0035941095356476407,Bank Indonesia
2025-11-05,16729.0,0.0002989268548251054,Bank Indonesia
2025-11-06,16707.0,-0.001315947073502416,Bank Indonesia
2025-11-07,16704.0,-0.0001795815754130532,Bank Indonesia
2025-11-10,16666.0,-0.002277495740213131,Bank Indonesia
2025-11-11,16698.0,0.0019182358117936177,Bank Indonesia
2025-11-12,16722.0,0.0014362659560575022,Bank Indonesia
2025-11-13,16732.0,0.0005978358520858625,Bank Indonesia
2025-11-14,16710.0,-0.0013157109726495955,Bank Indonesia
2025-11-17,16734.0,0.0014352352661045887,Bank Indonesia
2025-11-18,16760.0,0.0015525171805300362,Bank Indonesia
2025-11-19,16732.0,-0.0016720414739849468,Bank Indonesia
2025-11-20,16742.0,0.0005974786579126025,Bank Indonesia
2025-11-21,16719.0,-0.001374734982355626,Bank Indonesia
2025-11-24,16709.0,-0.0005983008435026098,Bank Indonesia
2025-11-25,16667.0,-0.0025167798519673437,Bank Indonesia
2025-11-26,16673.0,0.00035992801828288494,Bank Indonesia
2025-11-27,16644.0,-0.001740853457626943,Bank Indonesia
2025-11-28,16661.0,0.0010208678262368586,Bank Indonesia
2025-12-01,16668.0,0.00042005461327543467,Bank Indonesia
2025-12-02,16632.0,-0.002162163004495237,Bank Indonesia
2025-12-03,16632.0,0.0,Bank Indonesia
2025-12-04,16646.0,0.0008413967681916179,Bank Indonesia
2025-12-05,16655.0,0.000540524321739604,Bank Indonesia
2025-12-08,16688.0,0.001979426612773614,Bank Indonesia
2025-12-09,16677.0,-0.0006593736189744747,Bank Indonesia
2025-12-10,16688.0,0.000659373618974457,Bank Indonesia
2025-12-11,16668.0,-0.0011991846982096262,Bank Indonesia
2025-12-12,16652.0,-0.0009603842274779755,Bank Indonesia
2025-12-15,16669.0,0.0010203776282219441,Bank Indonesia
2025-12-16,16693.0,0.001438762912299962,Bank Indonesia
2025-12-17,16698.0,0.0002994818985577449,Bank Indonesia
2025-12-18,16722.0,0.0014362659560575022,Bank Indonesia
2025-12-19,16735.0,0.0007771169354237669,Bank Indonesia
2025-12-22,16773.0,0.0022681160493280453,Bank Indonesia
2025-12-23,16790.0,0.0010130203768314164,Bank Indonesia
2025-12-24,16767.0,-0.0013708021337787146,Bank Indonesia
2025-12-29,16788.0,0.001251676515673578,Bank Indonesia
2025-12-30,16782.0,-0.00035746202346678056,Bank Indonesia
2025-12-31,16720.0,-0.0037012757913221037,Bank Indonesia
2026-01-02,16725.0,0.0002989983577365914,Bank Indonesia
2026-01-05,16748.0,0.0013742421426046513,Bank Indonesia
2026-01-06,16762.0,0.0008355715198176214,Bank Indonesia
2026-01-07,16785.0,0.0013712107552838876,Bank Indonesia
2026-01-08,16801.0,0.0009527780152670861,Bank Indonesia
2026-01-09,16834.0,0.001962242342118989,Bank Indonesia
2026-01-12,16853.0,0.001128031704498637,Bank Indonesia
2026-01-13,16875.0,0.0013045542647106138,Bank Indonesia
2026-01-14,16871.0,-0.0002370651347557203,Bank Indonesia
2026-01-15,16880.0,0.000533317543973311,Bank Indonesia
2026-01-19,16935.0,0.003252997101923974,Bank Indonesia
2026-01-20,16981.0,0.0027125856944289714,Bank Indonesia
2026-01-21,16963.0,-0.0010605704505782883,Bank Indonesia
2026-01-22,16902.0,-0.003602543391295274,Bank Indonesia
2026-01-23,16838.0,-0.0037937212068182733,Bank Indonesia
2026-01-26,16779.0,-0.0035101324079116593,Bank Indonesia
2026-01-27,16801.0,0.0013103039397048557,Bank Indonesia
2026-01-28,16723.0,-0.00465339104827964,Bank Indonesia
2026-01-29,16786.0,0.003760188261649957,Bank Indonesia
2026-01-30,16796.0,0.0005955571613109865,Bank Indonesia
2026-02-02,16800.0,0.000238123587266315,Bank Indonesia
2026-02-03,16777.0,-0.0013699856209498588,Bank Indonesia
2026-02-04,16775.0,-0.00011921793051793366,Bank Indonesia
2026-02-05,16826.0,0.003035626270876341,Bank Indonesia
2026-02-06,16887.0,0.003618786021377475,Bank Indonesia
2026-02-09,16838.0,-0.002905858234527001,Bank Indonesia
2026-02-10,16799.0,-0.0023188760873950236,Bank Indonesia
2026-02-11,16781.0,-0.0010720668090524136,Bank Indonesia
2026-02-12,16826.0,0.0026780151095970152,Bank Indonesia
2026-02-13,16844.0,0.0010692011710595568,Bank Indonesia
2026-02-18,16884.0,0.0023719176205709443,Bank Indonesia
2026-02-19,16925.0,0.0024253908780864403,Bank Indonesia
2026-02-20,16885.0,-0.002366164960807658,Bank Indonesia
2026-02-23,16818.0,-0.003975912426824752,Bank Indonesia
2026-02-24,16830.0,0.0007132667920083311,Bank Indonesia
2026-02-25,16813.0,-0.0010106115059235032,Bank Indonesia
2026-02-26,16758.0,-0.003276640505696411,Bank Indonesia
2026-02-27,16779.0,0.0012523483164658734,Bank Indonesia
2026-03-02,16848.0,0.004103850884059137,Bank Indonesia
2026-03-03,16870.0,0.0013049411662571914,Bank Indonesia
2026-03-04,16911.0,0.002427401209670705,Bank Indonesia
2026-03-05,16886.0,-0.00147942152023946,Bank Indonesia
2026-03-06,16919.0,0.0019523745293511655,Bank Indonesia
2026-03-09,16974.0,0.0032455107708259066,Bank Indonesia
2026-03-10,16879.0,-0.005612515840694363,Bank Indonesia
2026-03-11,16867.0,-0.0007111954309131952,Bank Indonesia
2026-03-12,16899.0,0.0018953983048090018,Bank Indonesia
2026-03-13,16934.0,0.002068986639398821,Bank Indonesia
2026-03-16,16990.0,0.003301500463755235,Bank Indonesia
2026-03-17,16982.0,-0.0004709761066690137,Bank Indonesia
2026-03-25,16905.0,-0.0045445234173224,Bank Indonesia
2026-03-26,16903.0,-0.0001183151918085847,Bank Indonesia
2026-03-27,16957.0,0.0031896069569496486,Bank Indonesia
2026-03-30,16993.0,0.0021207666269780216,Bank Indonesia
2026-03-31,16999.0,0.00035302424466430093,Bank Indonesia
2026-04-01,17002.0,0.00017646539853453605,Bank Indonesia
2026-04-02,17015.0,0.000764323757701847,Bank Indonesia
2026-04-06,17037.0,0.0012921416105360613,Bank Indonesia
2026-04-07,17092.0,0.0032230682183732786,Bank Indonesia
2026-04-08,17009.0,-0.004867902049823861,Bank Indonesia
2026-04-09,17082.0,0.004282661792000949,Bank Indonesia
2026-04-10,17112.0,0.0017546942561489777,Bank Indonesia
2026-04-13,17122.0,0.0005842145401894804,Bank Indonesia
2026-04-14,17135.0,0.0007589690062782771,Bank Indonesia
2026-04-15,17141.0,0.00035009919834785906,Bank Indonesia
2026-04-16,17142.0,5.8337951770958827e-05,Bank Indonesia
2026-04-17,17189.0,0.0027380518693288576,Bank Indonesia
2026-04-20,17176.0,-0.000756583769539966,Bank Indonesia
2026-04-21,17142.0,-0.001981468099788872,Bank Indonesia
2026-04-22,17179.0,0.002156115167617463,Bank Indonesia
2026-04-23,17308.0,0.00748111471832989,Bank Indonesia
2026-04-24,17278.0,-0.0017348064259459395,Bank Indonesia
2026-04-27,17227.0,-0.0029560954724603206,Bank Indonesia
2026-04-28,17245.0,0.0010443259245721825,Bank Indonesia
2026-04-29,17324.0,0.004570576963575927,Bank Indonesia
2026-04-30,17378.0,0.0031122150646340926,Bank Indonesia
2026-05-04,17368.0,-0.0005756058410235641,Bank Indonesia
2026-05-05,17425.0,0.003276524070596878,Bank Indonesia
2026-05-06,17405.0,-0.0011484353831853126,Bank Indonesia
2026-05-07,17362.0,-0.0024736112937859484,Bank Indonesia
2026-05-08,17375.0,0.0007484814812395247,Bank Indonesia
2026-05-11,17415.0,0.0022995123671087038,Bank Indonesia
2026-05-12,17514.0,0.005668657282068186,Bank Indonesia
2026-05-13,17496.0,-0.0010282777255659324,Bank Indonesia
2026-05-18,17666.0,0.009669604948473711,Bank Indonesia
2026-05-19,17719.0,0.0029956218529918754,Bank Indonesia
2026-05-20,17685.0,-0.001920687518488335,Bank Indonesia
2026-05-21,17673.0,-0.0006787714497839689,Bank Indonesia
2026-05-22,17717.0,0.002486579410640397,Bank Indonesia
2026-05-25,17743.0,0.0014664413231419372,Bank Indonesia
2026-05-26,17789.0,0.0025892168016902885,Bank Indonesia
2026-05-29,17883.0,0.0052702521627664865,Bank Indonesia
2026-06-02,17863.0,-0.0011190064391517823,Bank Indonesia
2026-06-03,17931.0,0.0037995240434793728,Bank Indonesia
2026-06-04,18039.0,0.006005022215314418,Bank Indonesia
2026-06-05,18039.0,0.0,Bank Indonesia
2026-06-08,18171.0,0.007290835941378409,Bank Indonesia
2026-06-09,18141.0,-0.0016523467077342855,Bank Indonesia
2026-06-10,17971.0,-0.009415222409300487,Bank Indonesia
2026-06-11,17981.0,0.0005562972996154266,Bank Indonesia
2026-06-12,17921.0,-0.0033424352882489537,Bank Indonesia
2026-06-15,17719.0,-0.011335699385319363,Bank Indonesia
2026-06-17,17753.0,0.0019170055487282786,Bank Indonesia
2026-06-18,17826.0,0.004103549983865061,Bank Indonesia
2026-06-19,17826.0,0.0,Bank Indonesia
2026-06-22,17819.0,-0.00039276196324793887,Bank Indonesia
2026-06-23,17868.0,0.0027460997445944713,Bank Indonesia
2026-06-24,17955.0,0.0048572241881738665,Bank Indonesia
2026-06-25,17942.0,-0.0007242945409543782,Bank Indonesia
2026-06-26,17962.0,0.001114082111666195,Bank Indonesia
2026-06-29,17856.0,-0.005918829049857528,Bank Indonesia
2026-06-30,17899.0,0.0024052591654625433,Bank Indonesia
2026-07-01,17961.0,0.0034578952469617443,Bank Indonesia
2026-07-02,17994.0,0.0018356283836023061,Bank Indonesia
2026-07-03,17960.0,-0.0018913061208734386,Bank Indonesia
2026-07-06,17999.0,0.0021691379232886524,Bank Indonesia
2026-07-07,17988.0,-0.0006113318888810876,Bank Indonesia
2026-07-08,18005.0,0.0009446281923774926,Bank Indonesia
2026-07-09,18090.0,0.00470980230636524,Bank Indonesia
2026-07-10,18069.0,-0.0011615366775100582,Bank Indonesia
2026-07-13,18131.0,0.003425417713977991,Bank Indonesia
2026-07-14,18099.0,-0.0017664923169373535,Bank Indonesia
2026-07-15,18064.0,-0.0019356807194281982,Bank Indonesia
2026-07-16,18041.0,-0.001274061936640279,Bank Indonesia
2026-07-17,17944.0,-0.00539114825275876,Bank Indonesia
2026-07-20,17976.0,0.0017817376651209436,Bank Indonesia
2026-07-21,17909.0,-0.0037341550984257422,Bank Indonesia
2026-07-22,17909.0,0.0,Bank Indonesia
2026-07-23,17915.0,0.00033497097231486016,Bank Indonesia
2026-07-24,17973.0,0.0032322810129803204,Bank Indonesia
2026-07-27,17995.0,0.0012233097610964716,Bank Indonesia
2026-07-28,18088.0,0.0051547934446746655,Bank Indonesia
2026-07-29,18087.0,-5.528680029046967e-05,Bank Indonesia
2026-07-30,18078.0,-0.0004977187991589985,Bank Indonesia
2026-07-31,18058.0,-0.0011069294909317221,Bank Indonesia
2026-08-03,17991.0,-0.0037171670308050334,Bank Indonesia
2026-08-04,18037.0,0.0025535708335798586,Bank Indonesia
2026-08-05,17937.0,-0.005559585121185099,Bank Indonesia
2026-08-06,17919.0,-0.0010040161485984818,Bank Indonesia
2026-08-07,17913.0,-0.00033489618531357856,Bank Indonesia
2026-08-10,17795.0,-0.006609187270809012,Bank Indonesia
2026-08-11,17824.0,0.001628344782717429,Bank Indonesia
2026-08-12,17876.0,0.0029131673263315012,Bank Indonesia
2026-08-13,17882.0,0.00033558924192116096,Bank Indonesia
2026-08-14,17836.0,-0.0025757335478961197,Bank Indonesia
2026-08-18,17856.0,0.0011206994336702698,Bank Indonesia
2026-08-19,17844.0,-0.0006722689328821566,Bank Indonesia
2026-08-20,17779.0,-0.003649331731583732,Bank Indonesia
2026-08-21,17705.0,-0.004170899970567494,Bank Indonesia
2026-08-24,17703.0,-0.0001129688207256574,Bank Indonesia
2026-08-26,17717.0,0.0007905138751589766,Bank Indonesia
2026-08-27,17762.0,0.002536713218011985,Bank Indonesia
2026-08-28,17703.0,-0.0033272270931709903,Bank Indonesia
2026-08-31,17746.0,0.002426021670004689,Bank Indonesia
2026-09-01,17727.0,-0.0010712373814988035,Bank Indonesia
